text,label
"Hey Sarah, Just wanted to check in and see how things are going. Let me know if you need any help with the project!",Friendly
Hi there! Thanks a ton for your help yesterday — really appreciate it! Looking forward to working together again.,Friendly
"Hey Mike, Hope you're doing great! Would love to catch up sometime next week if you’re free.",Friendly
"Hi team, Just wanted to say great job on the presentation today. You all nailed it!",Friendly
Hello! Thank you so much for your quick response. That really helped clear things up!,Friendly
"Dear Mr. Thompson, I hope this message finds you well. I am writing to follow up on our previous correspondence regarding the contract details.",Formal
"Hello Ms. Rivera, Thank you for your time during yesterday’s meeting. I have attached the requested documents for your review.",Formal
"To whom it may concern, I am reaching out to inquire about the application process for the open position listed on your website.",Formal
"Dear HR Department, Please consider this email as my formal notice of resignation, effective two weeks from today.",Formal
"Hi Dr. Lee, I appreciate your insights during the seminar. Your explanation of the new policy was extremely helpful.",Formal
"Why haven’t I received a response yet? This delay is unacceptable, and I expect an update immediately.",Aggressive
"This is the third time I’m bringing this up. If this issue isn’t fixed today, I’ll escalate it to your supervisor.",Aggressive
"Let me be clear — I’m not going to tolerate any more excuses. Get it done, or I’ll find someone else who will.",Aggressive
"I’m tired of repeating myself. If you can’t handle the task, say so.",Aggressive
"This project is a mess. I don’t know who’s responsible, but it needs to be cleaned up now.",Aggressive
"Hi, I just wanted to follow up again — sorry if I’m bothering you. I’m a bit worried I may have done something wrong.",Anxious
"Hey, Not sure if I sent this to the right person… please let me know if I should contact someone else.",Anxious
"Hi there, I hope I didn’t come off the wrong way in my last message. Just wanted to clarify, in case it seemed rude.",Anxious
"Sorry for the repeated emails, I’m just a little confused about the instructions. Would it be okay to ask for help?",Anxious
"Hi, I submitted the report yesterday but haven’t heard anything yet. Is everything okay on your end?",Anxious
"Hey, I was thinking maybe we could possibly look into the issue… if that’s alright with you?",Passive
"Hi, I guess the document might not be complete, but I thought I’d send it anyway just in case.",Passive
"Hello, I was wondering if maybe we should consider changing the layout — but totally fine if not.",Passive
"Hi, I’m not sure if this is the right time to bring it up, but maybe the deadline could be adjusted?",Passive
"Hey, I sort of tried to fix the bug, but I’m not 100% sure if it worked. Let me know what you think.",Passive
"Hey John, how's it going? Just wanted to check in on the project.",Friendly
"Hi Sarah, great to hear from you! Let's schedule a call to catch up.",Friendly
"Hello Team, hope you're all having a wonderful week!",Friendly
"Hi [Name], thanks for your quick response!",Friendly
"Hey there, just wanted to give you a heads-up on the update.",Friendly
"Hi [Name], hope this email finds you well.",Friendly
"Hello, it was a pleasure meeting you at the conference!",Friendly
"Hi [Name], I appreciate your help with this.",Friendly
"Hey everyone, let's grab coffee next week!",Friendly
"Hi [Name], looking forward to hearing from you soon.",Friendly
"John, it was great chatting with you today!",Friendly
"Sarah, let me know if you need anything at all.",Friendly
"Team, you all did an amazing job on the presentation!",Friendly
"[Name], I'm happy to help in any way I can.",Friendly
Just a friendly reminder about the deadline.,Friendly
"Hope you have a fantastic weekend, [Name]!",Friendly
It was lovely to see you at the event.,Friendly
"Thanks again for your support, [Name].",Friendly
Feel free to reach out if you have any questions.,Friendly
"Have a great day, [Name]!",Friendly
"Hi [Name], how are you doing today?",Friendly
"Hey [Name], just dropping a line to say hello.",Friendly
"Hello [Name], I trust you are having a good week.",Friendly
"Hi team, I hope you're all having a productive day.",Friendly
"Hey [Name], I'm really glad to hear that.",Friendly
"Hi [Name], I hope you're feeling well.",Friendly
"Hello [Name], it was a pleasure meeting you yesterday.",Friendly
"Hi [Name], I'm grateful for your assistance.",Friendly
"Hey folks, let's plan a team lunch soon!",Friendly
"Hi [Name], I'm excited to hear your thoughts.",Friendly
"John, it was a pleasure speaking with you.",Friendly
"Sarah, please don't hesitate to contact me if you need anything.",Friendly
"Team, your hard work is truly appreciated!",Friendly
"[Name], I'm here to assist you with anything you need.",Friendly
Just a friendly reminder about the upcoming meeting.,Friendly
"Wishing you a wonderful weekend, [Name]!",Friendly
It was great catching up with you at the networking event.,Friendly
"Thank you for your continued partnership, [Name].",Friendly
Please let me know if there's anything else I can do for you.,Friendly
"Have a fantastic day, [Name]!",Friendly
"Hi [Name], how's everything going on your end?",Friendly
"Hey [Name], just wanted to touch base quickly.",Friendly
"Hello [Name], I hope this email finds you in good spirits.",Friendly
"Hi team, I hope you're all having a great start to the week.",Friendly
"Hey [Name], I'm thrilled to hear that!",Friendly
"Hi [Name], I hope you're having a good day.",Friendly
"Hello [Name], it was a pleasure connecting with you.",Friendly
"Hi [Name], I'm thankful for your collaboration.",Friendly
"Hey everyone, let's schedule a fun team-building activity!",Friendly
"Hi [Name], I'm eager to get your feedback.",Friendly
"John, it was great connecting with you earlier.",Friendly
"Sarah, feel free to reach out if you need further clarification.",Friendly
"Team, your dedication is truly commendable!",Friendly
"[Name], I'm always available to help you out.",Friendly
Just a friendly reminder about the upcoming training session.,Friendly
"Wishing you a relaxing and enjoyable weekend, [Name]!",Friendly
It was a pleasure meeting you at the industry event.,Friendly
"Thank you for your ongoing support, [Name].",Friendly
Please don't hesitate to let me know if you have any questions.,Friendly
"Have a wonderful day, [Name]!",Friendly
"Hi [Name], how is your day going?",Friendly
"Hey [Name], just checking in.",Friendly
"Hello [Name], I hope you're having a productive week.",Friendly
"Hi team, I hope you're all doing well today.",Friendly
"Hey [Name], I'm delighted to hear that.",Friendly
"Hi [Name], I hope this email finds you well and happy.",Friendly
"Hello [Name], it was a pleasure meeting you last week.",Friendly
"Hi [Name], I'm appreciative of your assistance.",Friendly
"Hey folks, let's plan a virtual team hangout soon!",Friendly
"Hi [Name], I'm looking forward to your reply.",Friendly
"John, it was a pleasure meeting you this morning.",Friendly
"Sarah, please let me know if you require any additional information.",Friendly
"Team, your efforts are greatly valued!",Friendly
"[Name], I'm happy to assist you with any concerns.",Friendly
Just a friendly reminder about the upcoming workshop.,Friendly
"Wishing you a joyful and restful weekend, [Name]!",Friendly
It was great meeting you at the conference reception.,Friendly
"Thank you for your continued partnership and support, [Name].",Friendly
Please feel free to contact me if you need any further assistance.,Friendly
"Have a lovely day, [Name]!",Friendly
"Hi [Name], how is your week coming along?",Friendly
"Hey [Name], just a quick note.",Friendly
"Hello [Name], I hope this email finds you well and productive.",Friendly
"Hi team, I hope you're all having a fantastic day.",Friendly
"Hey [Name], I'm pleased to hear that.",Friendly
"Hi [Name], I hope you're having a great and fulfilling day.",Friendly
"Hello [Name], it was a pleasure connecting with you at the seminar.",Friendly
"Hi [Name], I'm grateful for your help and support.",Friendly
"Hey everyone, let's plan a team outing sometime!",Friendly
"Hi [Name], I'm excited to hear your perspective.",Friendly
"John, it was great speaking with you earlier today.",Friendly
"Sarah, please don't hesitate to get in touch if you need anything else.",Friendly
"Team, your contributions are highly valued and appreciated!",Friendly
"[Name], I'm here to support you in any way possible.",Friendly
Just a friendly reminder about the upcoming presentation.,Friendly
"Wishing you a relaxing and wonderful weekend ahead, [Name]!",Friendly
It was a pleasure meeting you at the industry gathering.,Friendly
"Thank you for your continued collaboration and support, [Name].",Friendly
Please don't hesitate to reach out if you have any further questions.,Friendly
"Have a great and productive day, [Name]!",Friendly
"Dear Mr. Smith, I am writing to inquire about...",Formal
To Whom It May Concern: This letter serves to...,Formal
"Dear Ms. Johnson, I am pleased to inform you that...",Formal
Please be advised that the meeting has been rescheduled.,Formal
We regret to inform you that your request has been denied.,Formal
The purpose of this email is to outline the next steps.,Formal
Kindly provide the requested documents at your earliest convenience.,Formal
We appreciate your prompt attention to this matter.,Formal
Please do not hesitate to contact us if you require further assistance.,Formal
Thank you for your cooperation.,Formal
"Dear Dr. Williams, I am writing to request information regarding...",Formal
To the Concerned Party: This correspondence is to confirm...,Formal
"Dear Ms. Brown, I am delighted to inform you that...",Formal
Please be informed that the deadline has been extended.,Formal
We regret to inform you that we are unable to fulfill your request.,Formal
The purpose of this communication is to detail the following.,Formal
Kindly submit the necessary paperwork as soon as possible.,Formal
We appreciate your immediate attention to this issue.,Formal
Please feel free to contact us should you require additional information.,Formal
Thank you for your understanding.,Formal
"Dear Mr. Davis, I am writing to follow up on our previous conversation about...",Formal
To Whom It May Concern: This letter is to notify you of...,Formal
"Dear Ms. Wilson, I am pleased to confirm your registration for...",Formal
Please be advised that the system will be undergoing maintenance.,Formal
We regret to inform you that your application was not approved.,Formal
The purpose of this email is to provide an update on...,Formal
Kindly ensure that all required fields are completed accurately.,Formal
We appreciate your prompt response to this matter.,Formal
Please do not hesitate to contact us if you have any further inquiries.,Formal
Thank you for your attention to this.,Formal
"Dear Professor Anderson, I am writing to inquire about the research opportunity.",Formal
To the Respected Authority: This letter serves to address...,Formal
"Dear Ms. Martinez, I am pleased to confirm your booking for...",Formal
Please be informed that the office will be closed on the following dates.,Formal
We regret to inform you that the position has been filled.,Formal
The purpose of this communication is to clarify the procedure for...,Formal
Kindly provide the necessary details at your earliest opportunity.,Formal
We appreciate your immediate attention to this matter.,Formal
Please feel free to contact us should you need any further clarification.,Formal
Thank you for your consideration.,Formal
"Dear Mr. Thompson, I am writing to request a meeting to discuss...",Formal
To Whom It May Concern: This letter is to inform you about...,Formal
"Dear Ms. Garcia, I am pleased to acknowledge receipt of...",Formal
Please be advised that there will be a change in policy.,Formal
We regret to inform you that we cannot accommodate your request at this time.,Formal
The purpose of this email is to outline the terms and conditions.,Formal
Kindly ensure that all documents are submitted by the deadline.,Formal
We appreciate your prompt attention to this issue.,Formal
Please do not hesitate to contact us if you require any further assistance.,Formal
Thank you for your cooperation in this matter.,Formal
"Dear Mr. Rodriguez, I am writing to inquire about the possibility of...",Formal
To the Respected Organization: This letter serves to express our interest in...,Formal
"Dear Ms. Patel, I am pleased to confirm your appointment for...",Formal
Please be informed that the event has been postponed.,Formal
We regret to inform you that your subscription has been terminated.,Formal
The purpose of this communication is to provide you with an update on...,Formal
Kindly ensure that all payments are made in a timely manner.,Formal
We appreciate your immediate attention to this matter.,Formal
Please feel free to contact us should you have any additional questions.,Formal
Thank you for your understanding and cooperation.,Formal
"Dear Mr. Hernandez, I am writing to follow up on our previous discussion regarding...",Formal
To Whom It May Concern: This letter is to formally notify you of...,Formal
"Dear Ms. Kim, I am pleased to confirm your reservation for...",Formal
Please be advised that there will be a scheduled system downtime.,Formal
We regret to inform you that your request cannot be processed at this time.,Formal
The purpose of this email is to provide a detailed explanation of...,Formal
Kindly ensure that all necessary information is provided accurately.,Formal
We appreciate your prompt response and attention to this issue.,Formal
Please do not hesitate to contact us if you require further clarification.,Formal
Thank you for your attention to this important matter.,Formal
"Dear Mr. Gupta, I am writing to request your assistance with...",Formal
To the Respected Institution: This letter serves to express our gratitude for...,Formal
"Dear Ms. Nguyen, I am pleased to confirm your registration for the upcoming seminar.",Formal
Please be informed that the guidelines have been revised.,Formal
We regret to inform you that we are unable to approve your application at this time.,Formal
The purpose of this communication is to provide a comprehensive overview of...,Formal
Kindly ensure that all required documents are submitted by the specified date.,Formal
We appreciate your prompt attention and cooperation in resolving this matter.,Formal
Please feel free to contact us should you have any further questions or concerns.,Formal
Thank you for your understanding and cooperation.,Formal
"Dear Mr. Dubois, I am writing to inquire about the status of my application.",Formal
To the Relevant Department: This letter serves to formally request...,Formal
"Dear Ms. Schmidt, I am pleased to confirm your booking for the conference.",Formal
Please be advised that the policy changes will take effect on...,Formal
We regret to inform you that your account has been suspended.,Formal
The purpose of this email is to provide a detailed explanation of the new regulations.,Formal
Kindly ensure that all payments are processed according to the outlined schedule.,Formal
We appreciate your prompt attention and action regarding this urgent matter.,Formal
Please do not hesitate to contact us if you require additional support.,Formal
Thank you for your understanding and prompt response.,Formal
Listen up! You need to fix this immediately.,Aggressive
I'm extremely disappointed with your performance.,Aggressive
This is unacceptable! I expect a solution now.,Aggressive
You're clearly not taking this seriously.,Aggressive
I demand an explanation for this negligence.,Aggressive
"Get this done, and don't make any excuses.",Aggressive
You're going to regret this mistake.,Aggressive
I'm tired of your incompetence.,Aggressive
This is your last chance to get it right.,Aggressive
Don't even think about trying to defend yourself.,Aggressive
"You need to get your act together, and fast!",Aggressive
I'm appalled by your lack of professionalism.,Aggressive
This is completely inadequate. Fix it now!,Aggressive
You're clearly not capable of handling this.,Aggressive
I want a full report on my desk by tomorrow morning.,Aggressive
"You've messed up big time, and you'll be held accountable.",Aggressive
I'm not going to tolerate this kind of behavior.,Aggressive
You should be ashamed of yourself.,Aggressive
This is the worst performance I've ever seen.,Aggressive
Don't waste my time with your excuses.,Aggressive
"You better fix this, or there will be consequences.",Aggressive
I'm furious about this situation.,Aggressive
This is absolutely unacceptable. Get it sorted out immediately!,Aggressive
You're obviously not taking this seriously enough.,Aggressive
I require a detailed explanation for this oversight.,Aggressive
"Complete this task now, and do not offer any excuses.",Aggressive
You will be held responsible for this error.,Aggressive
I'm fed up with your constant mistakes.,Aggressive
This is your final opportunity to rectify this issue.,Aggressive
Do not attempt to justify your actions.,Aggressive
"You need to improve your performance, and quickly!",Aggressive
I'm disgusted by your lack of attention to detail.,Aggressive
This is simply not good enough. Correct it immediately!,Aggressive
You're clearly not competent enough to handle this task.,Aggressive
I need a comprehensive report on my desk by the end of the day.,Aggressive
"You have made a serious error, and you will be held accountable.",Aggressive
I will not accept this kind of conduct.,Aggressive
You should be deeply ashamed of your actions.,Aggressive
This is the poorest performance I have ever witnessed.,Aggressive
Do not bother me with your justifications.,Aggressive
"You need to resolve this issue, or there will be repercussions.",Aggressive
I'm extremely displeased with this outcome.,Aggressive
This is totally unacceptable! Resolve it immediately!,Aggressive
You're clearly not taking this matter seriously.,Aggressive
I demand a complete explanation for this negligence.,Aggressive
"Finish this task immediately, and do not provide any excuses.",Aggressive
You will be held responsible for this mistake.,Aggressive
I'm tired of your repeated errors.,Aggressive
This is your last chance to correct this problem.,Aggressive
Do not try to defend your actions.,Aggressive
"You need to improve your performance, and that too very quickly!",Aggressive
I'm appalled by your lack of attention to detail and professionalism.,Aggressive
This is simply unacceptable. Rectify it immediately!,Aggressive
You're clearly not capable of handling this responsibility.,Aggressive
I require a detailed report on my desk as soon as possible.,Aggressive
"You've made a grave mistake, and you will be held accountable for it.",Aggressive
I will not tolerate this kind of behavior under any circumstances.,Aggressive
You have every reason to be ashamed of your conduct.,Aggressive
This is the worst performance I have ever seen in my entire career.,Aggressive
Do not waste my time with your pointless excuses.,Aggressive
"You need to fix this immediately, or there will be severe consequences.",Aggressive
I'm extremely dissatisfied with this situation and your handling of it.,Aggressive
This is completely unacceptable! I expect it to be resolved without delay!,Aggressive
You're obviously not taking this matter with the seriousness it deserves.,Aggressive
I demand a comprehensive and thorough explanation for this inexcusable negligence.,Aggressive
"Complete this task immediately and without fail, and do not offer any excuses whatsoever.",Aggressive
You will be held fully accountable and responsible for this egregious error.,Aggressive
I'm fed up with your constant errors and lack of attention to detail.,Aggressive
This is your final opportunity to rectify this issue and demonstrate competence.,Aggressive
Do not even attempt to justify your unacceptable actions or behavior.,Aggressive
"You need to drastically improve your performance, and you need to do it now!",Aggressive
I'm utterly disgusted by your lack of professionalism and attention to detail.,Aggressive
This is simply not up to standard. Correct it immediately and without further delay!,Aggressive
"You're clearly not competent enough to handle this task, which is a serious concern.",Aggressive
I require a detailed report on my desk by the close of business today.,Aggressive
"You have made a severe and costly error, and you will be held fully accountable.",Aggressive
I will not tolerate this kind of unprofessional conduct under any circumstances.,Aggressive
You should be deeply ashamed of your actions and the negative impact they've had.,Aggressive
This is unequivocally the worst performance I have ever witnessed in my entire career.,Aggressive
Do not waste my valuable time with your pathetic and irrelevant excuses.,Aggressive
"You need to resolve this issue immediately, or there will be severe repercussions.",Aggressive
I am extremely displeased and disappointed with this unacceptable outcome.,Aggressive
This is completely unacceptable! I demand an immediate and satisfactory resolution!,Aggressive
You're obviously not taking this matter with the seriousness and urgency it requires.,Aggressive
I demand a comprehensive and thorough explanation for this inexcusable act of negligence.,Aggressive
"Complete this task immediately and without any further delay, and do not offer any excuses.",Aggressive
You will be held fully accountable and responsible for this egregious and costly error.,Aggressive
"I'm utterly fed up with your constant errors, lack of attention to detail, and overall incompetence.",Aggressive
This is your final opportunity to rectify this issue and demonstrate a basic level of competence.,Aggressive
Do not even attempt to justify your unacceptable actions or unprofessional behavior.,Aggressive
"You need to drastically improve your performance, and you need to do it immediately!",Aggressive
I'm thoroughly disgusted by your appalling lack of professionalism and attention to detail.,Aggressive
This is simply not up to any reasonable standard. Correct it immediately and without delay!,Aggressive
"You're clearly not competent enough to handle this task, which is a significant and serious concern.",Aggressive
I require a detailed and comprehensive report on my desk by the end of the day today.,Aggressive
"You have made a severe and costly error, and you will be held fully accountable for your actions.",Aggressive
I will not tolerate this kind of unprofessional and unacceptable conduct under any circumstances.,Aggressive
You should be deeply ashamed of your actions and the negative impact they have caused.,Aggressive
This is unequivocally the worst performance I have ever witnessed in my entire professional career.,Aggressive
"Do not waste my valuable time with your pathetic, irrelevant, and completely unacceptable excuses.",Aggressive
"I'm so sorry to bother you, but I'm a little concerned about...",Anxious
"I hope you don't mind me asking, but I was wondering if...",Anxious
"I'm not sure if this is the right place to ask, but...",Anxious
"I apologize for the inconvenience, but I'm a bit worried about the deadline.",Anxious
"I hope this isn't too much trouble, but could you please clarify...",Anxious
"I'm sorry to trouble you again, but I have a few more questions.",Anxious
I'm a bit unsure about how to proceed. Could you offer some guidance?,Anxious
"I hope I'm not being too forward, but I wanted to check in on...",Anxious
"I apologize if this is a silly question, but I'm new to this.",Anxious
I'm feeling a little overwhelmed. Could we possibly discuss this further?,Anxious
"I'm really sorry to bother you, but I'm a bit concerned about the project timeline.",Anxious
"I hope you don't mind my asking, but I was wondering if you could provide some clarification on this issue.",Anxious
"I'm not sure if this is the appropriate channel, but I have a question regarding the new policy.",Anxious
"I apologize for the inconvenience, but I'm a bit worried about meeting the upcoming deadline.",Anxious
"I hope this isn't too much trouble, but could you please provide some additional details on this matter?",Anxious
"I'm sorry to trouble you once again, but I have a few more questions that need to be addressed.",Anxious
I'm a bit unsure about how to proceed with this task. Could you possibly offer some guidance or advice?,Anxious
"I hope I'm not being too forward, but I wanted to check in on the status of my application.",Anxious
"I apologize if this is a basic question, but I'm still quite new to this process.",Anxious
I'm feeling a little overwhelmed with the amount of work. Could we perhaps discuss some strategies for managing it?,Anxious
"I'm so sorry to bother you, but I'm a little concerned about the recent changes to the system.",Anxious
"I hope you don't mind me asking, but I was wondering if you could elaborate on the new procedures.",Anxious
"I'm not sure if this is the right place to inquire, but I have a question about the training materials.",Anxious
"I apologize for the inconvenience, but I'm a bit worried about the potential impact of these changes.",Anxious
"I hope this isn't too much trouble, but could you please provide some more information on the new guidelines?",Anxious
"I'm sorry to trouble you yet again, but I have a few more questions that require clarification.",Anxious
I'm a bit unsure about how to approach this problem. Could you possibly offer some suggestions?,Anxious
"I hope I'm not being too forward, but I wanted to check in on the progress of the report.",Anxious
"I apologize if this is a redundant question, but I just want to be absolutely sure.",Anxious
I'm feeling a little overwhelmed with the workload. Could we perhaps discuss prioritizing tasks?,Anxious
"I'm so sorry to bother you, but I'm a little concerned about the upcoming presentation.",Anxious
"I hope you don't mind me asking, but I was wondering if you could give me some feedback on my draft.",Anxious
"I'm not sure if this is the appropriate forum, but I have a question about the new software.",Anxious
"I apologize for the inconvenience, but I'm a bit worried about the tight deadline for this project.",Anxious
"I hope this isn't too much trouble, but could you please provide some more context on this issue?",Anxious
"I'm sorry to trouble you once more, but I have a few more questions that need to be addressed.",Anxious
I'm a bit unsure about the best way to handle this situation. Could you possibly offer some advice?,Anxious
"I hope I'm not being too forward, but I wanted to check in on the status of my request.",Anxious
"I apologize if this is a repetitive question, but I want to ensure I understand completely.",Anxious
I'm feeling a little overwhelmed with the responsibilities. Could we perhaps discuss delegation?,Anxious
"I'm so sorry to bother you, but I'm a little concerned about the lack of communication on this.",Anxious
"I hope you don't mind me asking, but I was wondering if you could clarify your expectations for this task.",Anxious
"I'm not sure if this is the correct platform, but I have a question about the new policy implementation.",Anxious
"I apologize for the inconvenience, but I'm a bit worried about the potential delays this might cause.",Anxious
"I hope this isn't too much trouble, but could you please provide some additional clarification on the process?",Anxious
"I'm sorry to trouble you again, but I have a few more questions that need to be answered.",Anxious
I'm a bit unsure about the most effective strategy for this. Could you possibly offer some insights?,Anxious
"I hope I'm not being too forward, but I wanted to check in on the timeline for this deliverable.",Anxious
"I apologize if this is a redundant question, but I want to make certain I have all the details.",Anxious
I'm feeling a little overwhelmed with the complexity of this. Could we perhaps discuss breaking it down?,Anxious
"I'm so sorry to bother you, but I'm a little concerned about the ambiguity of these instructions.",Anxious
"I hope you don't mind me asking, but I was wondering if you could provide some guidance on this matter.",Anxious
"I'm not sure if this is the appropriate channel, but I have a question regarding the updated guidelines.",Anxious
"I apologize forthe inconvenience, but I'm a bit worried about the impact of these changes on our workflow.",Anxious
"I hope this isn't too much trouble, but could you please provide some more context and background?",Anxious
"I'm sorry to trouble you yet again, but I have a few more questions that require thorough clarification.",Anxious
I'm a bit unsure about the optimal approach for this particular situation. Could you possibly offer some recommendations?,Anxious
"I hope I'm not being too forward, but I wanted to check in on the progress of this critical task.",Anxious
"I apologize if this is a repetitive question, but I want to ensure complete and accurate understanding.",Anxious
I'm feeling a little overwhelmed with the sheer volume of information. Could we perhaps discuss a strategy for information management?,Anxious
"I'm so sorry to bother you, but I'm a little concerned about the potential risks associated with this decision.",Anxious
"I hope you don't mind me asking, but I was wondering if you could elaborate on the reasoning behind this change.",Anxious
"I'm not sure if this is the correct forum, but I have a question about the implementation of these new policies.",Anxious
"I apologize for the inconvenience, but I'm a bit worried about the potential long-term consequences of this action.",Anxious
"I hope this isn't too much trouble, but could you please provide some additional details regarding the expected outcomes?",Anxious
"I'm sorry to trouble you once more, but I have a few more questions that need to be addressed comprehensively.",Anxious
I'm a bit unsure about the most effective methodology for this specific challenge. Could you possibly offer some insights?,Anxious
"I hope I'm not being too forward, but I wanted to check in on the status of this urgent request.",Anxious
"I apologize if this is a redundant question, but I want to make absolutely certain that I have all the necessary information.",Anxious
I'm feeling a little overwhelmed with the complexity and scope of this project. Could we perhaps discuss a phased approach?,Anxious
"I'm so sorry to bother you, but I'm a little concerned about the lack of clarity in these instructions.",Anxious
"I hope you don't mind me asking, but I was wondering if you could provide some guidance on the best course of action.",Anxious
"I'm not sure if this is the appropriate channel, but I have a question about the updated training materials and resources.",Anxious
"I apologize for the inconvenience, but I'm a bit worried about the potential impact of these changes on team morale.",Anxious
"I hope this isn't too much trouble, but could you please provide some more context and background information on this decision?",Anxious
"I'm sorry to trouble you yet again, but I have a few more questions that require thorough and detailed clarification.",Anxious
I'm a bit unsure about the optimal approach for this particular and unique situation. Could you possibly offer some tailored recommendations?,Anxious
"I hope I'm not being too forward, but I wanted to check in on the progress of this time-sensitive and critical task.",Anxious
"I apologize if this is a repetitive question, but I want to ensure complete and accurate understanding of all the nuances.",Anxious
I'm feeling a little overwhelmed with the sheer volume of information and the complexity of the subject matter. Could we perhaps discuss a strategy for effective information management and processing?,Anxious
It might be a good idea to consider...,Passive
Perhaps we could explore some other options.,Passive
It's possible that there might be a problem with...,Passive
I was just thinking that maybe we could...,Passive
It seems like there could be some issues with the plan.,Passive
"I'm not sure, but it might be helpful to...",Passive
It could be argued that we should...,Passive
Perhaps it would be best if we...,Passive
It's possible that we may need to...,Passive
I was just wondering if we could...,Passive
It might be a good idea to look into alternative solutions for this.,Passive
Perhaps we could explore the possibility of extending the deadline.,Passive
It's possible that there might be some unforeseen complications with this approach.,Passive
I was just thinking that maybe we could consider a different strategy.,Passive
It seems like there could be some potential challenges with the proposed plan.,Passive
"I'm not entirely sure, but it might be helpful to gather more data before proceeding.",Passive
It could be argued that we should prioritize the most urgent tasks first.,Passive
Perhaps it would be best if we scheduled a meeting to discuss this in more detail.,Passive
It's possible that we may need to allocate additional resources to this project.,Passive
I was just wondering if we could get some input from other departments on this.,Passive
It might be a good idea to consider seeking expert advice on this matter.,Passive
Perhaps we could explore the option of outsourcing this particular function.,Passive
It's possible that there might be some underlying issues that we need to address.,Passive
I was just thinking that maybe we could implement a more streamlined process.,Passive
It seems like there could be some potential risks associated with this decision.,Passive
"I'm not completely sure, but it might be helpful to conduct a thorough analysis.",Passive
It could be argued that we should adopt a more proactive approach to this.,Passive
Perhaps it would be best if we established clear guidelines and expectations.,Passive
It's possible that we may need to revise our current approach to achieve the desired outcome.,Passive
I was just wondering if we could explore alternative funding sources for this initiative.,Passive
It might be a good idea to consider the long-term implications of this decision.,Passive
Perhaps we could explore the possibility of forming a strategic partnership.,Passive
It's possible that there might be some unintended consequences that we need to consider.,Passive
I was just thinking that maybe we could benefit from some additional training on this.,Passive
It seems like there could be some potential obstacles that we need to overcome.,Passive
"I'm not entirely convinced, but it might be helpful to conduct a pilot program first.",Passive
It could be argued that we should take a more cautious approach to this situation.,Passive
Perhaps it would be best if we sought consensus from all stakeholders involved.,Passive
It's possible that we may need to make some adjustments along the way to ensure success.,Passive
I was just wondering if we could explore some innovative solutions to this problem.,Passive
It might be a good idea to consider the ethical dimensions of this decision.,Passive
Perhaps we could explore the option of implementing a more flexible work arrangement.,Passive
It's possible that there might be some unforeseen challenges that we need to prepare for.,Passive
I was just thinking that maybe we could enhance our communication strategy.,Passive
It seems like there could be some potential conflicts of interest that we need to address.,Passive
"I'm not completely certain, but it might be helpful to gather some feedback from our clients.",Passive
It could be argued that we should prioritize sustainability in our business practices.,Passive
Perhaps it would be best if we established a clear chain of command for this project.,Passive
It's possible that we may need to re-evaluate our priorities in light of recent developments.,Passive
I was just wondering if we could explore some alternative marketing strategies.,Passive
It might be a good idea to consider the cultural implications of this initiative.,Passive
Perhaps we could explore the possibility of offering more competitive benefits.,Passive
It's possible that there might be some resistance to change that we need to manage effectively.,Passive
I was just thinking that maybe we could improve our customer service procedures.,Passive
It seems like there could be some potential legal issues that we need to consider carefully.,Passive
"I'm not entirely sure, but it might be helpful to conduct a cost-benefit analysis before proceeding.",Passive
It could be argued that we should invest more in research and development.,Passive
Perhaps it would be best if we established a system for monitoring progress and evaluating outcomes.,Passive
It's possible that we may need to seek external funding to support this project adequately.,Passive
I was just wondering if we could explore some creative solutions to this complex problem.,Passive
It might be a good idea to consider the social impact of this decision on the community.,Passive
Perhaps we could explore the option of offering more comprehensive training programs.,Passive
It's possible that there might be some technological limitations that we need to take into account.,Passive
I was just thinking that maybe we could streamline our decision-making process for greater efficiency.,Passive
It seems like there could be some potential reputational risks associated with this course of action.,Passive
"I'm not completely certain, but it might be helpful to conduct a thorough risk assessment beforehand.",Passive
It could be argued that we should adopt a more inclusive approach to our organizational culture.,Passive
Perhaps it would be best if we established a mechanism for addressing grievances and resolving conflicts.,Passive
It's possible that we may need to revise our strategic plan to adapt to changing market conditions.,Passive
I was just wondering if we could explore some innovative ways to enhance employee engagement.,Passive
It might be a good idea to consider the environmental consequences of our operations.,Passive
Perhaps we could explore the possibility of implementing a mentorship program for new hires.,Passive
It's possible that there might be some unforeseen challenges in integrating this new technology.,Passive
I was just thinking that maybe we could improve our internal communication channels and processes.,Passive
It seems like there could be some potential ethical dilemmas that we need to navigate carefully and thoughtfully.,Passive
"I'm not entirely sure, but it might be helpful to conduct a comprehensive stakeholder analysis.",Passive
It could be argued that we should prioritize diversity and inclusion in our recruitment practices.,Passive
Perhaps it would be best if we established a clear framework for performance management and feedback.,Passive
It's possible that we may need to seek legal counsel to ensure compliance with all applicable regulations.,Passive
I was just wondering if we could explore some alternative business models to enhance our long-term sustainability.,Passive
